,Basis,HP,Momentum,Skewness,Basis-Mom
1/30/1987,-0.022268003,-0.010105614,0.021289477,0.008910252,-0.029338102
2/27/1987,0.007921407,-0.013922362,0.021050493,-0.00600579,-0.010181985
3/31/1987,-0.003690123,0.084397048,0.001407153,0.001161139,0.048020414
4/30/1987,0.003188964,-0.012372877,0.024168253,-0.027363255,0.01347122
5/29/1987,0.008422611,0.01999321,-0.020905503,-0.006182045,0.024015824
6/30/1987,0.024563719,0.032495852,-0.022662976,0.001661623,0.027561087
7/31/1987,0.051118883,0.057219187,-0.003829617,-0.037727209,0.059398524
8/31/1987,-0.012373736,-0.023022227,-0.003827793,0.012632026,-0.002377125
9/30/1987,-0.047835555,-0.014007307,0.009331011,-0.07456704,-0.063676911
10/30/1987,-0.019070351,-0.024897117,-0.029689338,-0.013804536,-0.025570563
11/30/1987,-0.001556039,-0.001611354,0.008991984,-0.027819926,-0.008928449
12/31/1987,-0.031993812,0.01095606,0.025399595,-0.001378313,-0.010180246
1/29/1988,0.00191055,0.017786199,-0.02240489,-0.007019319,-0.031225705
2/29/1988,-0.009527255,0.015757953,0.013095852,-0.001931457,0.015763929
3/31/1988,0.010541266,-0.054732468,0.008132802,0.018954913,0.039037934
4/29/1988,-0.040942493,-0.03648955,-0.02149117,0.023335468,0.048958339
5/31/1988,-0.01907053,0.003412087,0.026831464,-0.030842658,-0.007176342
6/30/1988,-0.102517463,0.08847742,0.040734599,0.01471015,-0.091562653
7/29/1988,0.042503533,-0.05727599,-0.040932082,0.071419606,0.079461854
8/31/1988,0.014747697,0.035412583,0.002315485,0.008526672,0.011001762
9/30/1988,0.033041237,-0.0053382,0.015837947,0.008404825,-0.0042731
10/31/1988,0.066000378,-0.008736092,-0.021625419,-0.003640958,0.054605474
11/30/1988,0.046868629,-0.017599338,-0.020718734,0.024625475,0.047157372
12/30/1988,0.000717983,0.018299683,-0.017250502,-0.024071847,0.004487634
1/31/1989,0.008360672,0.004988277,0.000542256,0.037804654,0.006808592
2/28/1989,0.024688788,0.014669385,-0.003520934,0.008388509,0.030866283
3/31/1989,0.024396141,0.04744588,-0.020245274,0.013747981,0.063191563
4/28/1989,-0.015900087,0.049276168,-0.032293462,-0.003110477,0.047363721
5/31/1989,-0.000872561,0.007277803,-0.025431932,0.020708691,0.008058742
6/30/1989,-0.008223743,-0.014025183,0.036948984,0.017952249,-0.027971354
7/31/1989,-0.046128778,0.048681083,-0.029734982,0.028519382,-0.015864211
8/31/1989,-0.037248439,-0.011498795,-0.020270194,0.010099937,0.00144292
9/29/1989,-0.006948554,0.022252662,0.01647116,0.012761033,-0.0169564
10/31/1989,0.006102455,-0.013789814,0.016816074,0.00640365,0.001585905
11/30/1989,0.0179849,-0.003982904,0.002719081,0.008357572,0.016531938
12/29/1989,0.031902224,0.067705089,-0.075909099,-0.025248184,0.040504804
1/31/1990,-0.076771899,0.004990694,0.008136169,0.010042284,-0.022068544
2/28/1990,0.003369349,-0.044825827,-0.003660605,0.0293656,-0.011192053
3/30/1990,0.000332368,-0.003611039,0.005557447,0.000161457,-0.008090139
4/30/1990,-0.004272315,-0.001835758,0.019473205,0.03611,0.006444799
5/31/1990,0.01836173,-0.000485297,-0.010647351,-0.009376576,0.008297604
6/29/1990,0.040801155,0.003203355,-0.020380528,-0.002977026,0.00113497
7/31/1990,0.012378457,0.035299994,-0.047432857,-0.047156308,0.037808119
8/31/1990,0.027594008,0.066691954,-0.056329897,-0.052970711,0.060858683
9/28/1990,0.011072737,0.077126752,-0.034682784,-0.037767336,0.054535876
10/31/1990,-0.003370357,-0.031795305,0.019646397,0.030986235,-0.046062302
11/30/1990,0.003724433,-0.023614845,0.025627794,0.013896103,-0.031106232
12/31/1990,0.014687757,-0.001335746,-0.019775888,0.013825038,0.034701695
1/31/1991,-0.049184121,-0.013353393,0.013424321,0.006433341,0.033893896
2/28/1991,0.01230361,0.016623799,0.002265613,-0.01288701,0.023755253
3/29/1991,0.00791443,-0.004941067,-0.00066138,-0.011095554,0.009867667
4/30/1991,1.06E-05,0.032341271,0.011344987,-0.013247344,0.015757587
5/31/1991,-0.033655078,-0.003573868,-0.006722834,0.009782658,0.014909906
6/28/1991,0.02106375,-0.008683014,0.01560119,0.022865816,0.010816915
7/31/1991,0.007011274,-0.019130768,-0.053507511,-0.022762318,0.015523846
8/30/1991,-0.015426196,-0.007761384,-0.023107418,-0.008672473,-0.023913861
9/30/1991,-0.005397558,-0.002182907,0.0105593,0.014103158,0.008795245
10/31/1991,0.011525793,0.015510056,0.031779298,0.043714674,0.009382886
11/29/1991,0.006061647,0.01275162,0.005295231,-0.002584823,0.0070499
12/31/1991,-0.070199713,0.018012303,0.002733558,-0.030725733,-0.009591448
1/31/1992,-0.003603529,0.029102153,0.01430205,0.012238849,0.018003244
2/28/1992,-0.006233443,-0.011229311,-0.01514281,-0.012143566,-0.011408005
3/31/1992,0.011291759,-0.013116544,-0.004621046,0.010920583,-0.014897641
4/30/1992,0.004730156,-0.002846044,-0.022113261,0.038564004,-0.004567126
5/29/1992,0.013437647,0.034710633,-0.011352376,-0.000406107,0.018236575
6/30/1992,0.008347994,0.000401829,-0.022113165,0.016448805,0.001579943
7/31/1992,0.000953695,-0.022094732,0.003950072,0.034995252,-0.012505221
8/31/1992,0.011637443,0.013482686,-0.007774019,-0.001935407,-0.012855381
9/30/1992,-0.014081945,0.007995486,0.001376058,0.021392097,-0.000895993
10/30/1992,-0.006083293,-0.019207292,0.012482165,-0.001779012,-0.001615314
11/30/1992,-0.004652313,-0.009678016,-0.012785734,-0.017001411,0.00902034
12/31/1992,-0.003778081,0.026408086,0.003459089,-0.009264971,-0.017345007
1/29/1993,0.070807288,0.034189799,-0.00976209,0.033828301,-0.011223331
2/26/1993,0.017558432,0.070943239,-0.015449319,-0.005965801,0.069584555
3/31/1993,-0.002790957,0.020671799,0.016840605,-0.007745391,0.028379118
4/30/1993,0.012008331,-0.0100227,0.0297016,0.031791761,-0.007354258
5/31/1993,-0.004099547,-0.051729984,0.031393467,0.016838933,-0.025750078
6/30/1993,-0.004651062,-0.013400083,0.011165478,0.036716975,-0.01198039
7/30/1993,0.035824922,0.001568229,0.04216344,-0.009825287,0.025627186
8/31/1993,-0.008662492,-0.018623661,-0.031189098,0.007553121,0.005506825
9/30/1993,-0.043130376,-0.030762946,-0.026922805,-0.0165202,-0.032913506
10/29/1993,-0.020835137,0.014299422,0.031812647,-0.036849103,0.023748695
11/30/1993,-0.02844504,0.026224443,0.009142789,-0.038502961,0.035768196
12/31/1993,0.018432021,0.040357093,0.039216946,-0.01724626,0.025799701
1/31/1994,0.005512054,-0.046037766,-0.041611007,-0.004750602,0.008276443
2/28/1994,-0.026854635,-0.02744788,0.019539424,0.024832574,-0.043283466
3/31/1994,0.022344627,0.005878178,0.01921225,-0.003200224,0.023300257
4/29/1994,0.002686215,-0.042359337,-0.030652517,-0.002830955,0.018792067
5/31/1994,-0.012487064,0.007678296,0.019426738,0.012680729,0.004167175
6/30/1994,-0.02520096,0.0378871,0.010269616,-0.048193684,0.030654687
7/29/1994,-0.013862149,0.034515943,-0.020553665,0.041462056,0.012674557
8/31/1994,-0.00951615,0.008301678,0.031896005,0.022333371,-0.026045146
9/30/1994,0.011987353,0.022837201,0.008483357,0.005681623,0.024687643
10/31/1994,0.010600629,-0.032726513,-0.015130561,0.030486268,-0.011520512
11/30/1994,0.060792678,0.032047694,0.007173187,0.060657006,0.052300021
12/30/1994,-0.018323613,-0.005150785,-0.002933113,0.002233034,-0.021046059
1/31/1995,-0.005120431,0.008055209,0.004928336,0.028429348,0.036317107
2/28/1995,0.007528426,0.016282006,-0.011366108,0.00380681,-0.019847828
3/31/1995,-0.007796392,-0.007982286,0.023083001,0.020585918,0.01820969
4/28/1995,0.017009373,0.015035072,-0.013175876,0.013912031,0.020161004
5/31/1995,-0.000629036,-0.002743482,-0.013045179,0.025532247,0.004409292
6/30/1995,0.029312696,0.019590734,0.017199123,0.009282994,0.015088309
7/31/1995,-0.034292985,-0.01832857,-0.004138064,0.020467883,-0.020585626
8/31/1995,-0.018851095,-0.012851782,0.002939546,0.009084953,0.004241286
9/29/1995,0.013902835,0.069079786,0.007512771,0.002022237,0.017702585
10/31/1995,0.000250102,-0.006832136,-0.003557947,0.018751428,0.00198718
11/30/1995,-0.005731429,0.011220113,-0.044477915,0.010954964,0.017919616
12/29/1995,0.033179624,0.030185124,0.004362348,0.033049695,0.021931261
1/31/1996,0.042419517,-0.036984149,-0.025475974,-0.023284324,0.01099197
2/29/1996,0.012201045,0.024270047,0.023682319,0.009881581,0.031507078
3/29/1996,0.027283565,0.021936067,0.001051822,0.006449726,0.028698953
4/30/1996,0.012440531,0.033938079,0.044743344,-0.016127643,-0.014114897
5/31/1996,-0.032409815,-0.024166793,-0.009214089,0.001665106,-0.007250868
6/28/1996,0.012331144,0.045552678,-0.044623859,0.024761962,0.03486125
7/31/1996,-0.045748776,-0.034006087,0.057382342,0.016752282,-0.017070302
8/30/1996,0.023530941,-0.01581932,-0.006476359,-0.009596942,0.000453308
9/30/1996,-0.050282616,0.032334645,-0.020095653,0.000606881,0.036312345
10/31/1996,-0.042819506,0.01051054,-0.019241466,0.019568878,-0.002090189
11/29/1996,-0.015967449,0.035172311,0.011260265,0.029325658,0.02165896
12/31/1996,0.007060642,0.0262607,0.0297801,-0.006004339,0.00675228
1/31/1997,-0.019801992,-0.025025306,0.020893492,0.021712896,0.005556021
2/28/1997,-0.020618157,-0.047347008,0.036464695,-0.038756541,0.02376159
3/31/1997,0.022509272,0.014007717,0.010209715,0.015855728,0.016581696
4/30/1997,0.023233787,0.040475282,0.012050737,-0.006441086,0.019123629
5/30/1997,0.059138047,0.060045652,0.016470333,-0.013310394,0.049614142
6/30/1997,-0.079208692,-0.059575929,-0.03562857,-0.042257215,-0.066786851
7/31/1997,0.03237505,0.000546639,0.009281655,0.016452007,0.031330556
8/29/1997,-0.000916356,0.027575264,-0.013260994,0.002086321,0.006660997
9/30/1997,-0.026191677,-0.027766059,0.000442409,6.42E-06,-0.016679552
10/31/1997,-0.01153146,0.019820292,-0.008066885,0.006146372,0.01689052
11/28/1997,-0.011100114,0.001581619,0.040015034,0.029321722,0.032517869
12/31/1997,-0.001542108,0.027988151,0.027811008,-0.012775,0.026099426
1/30/1998,-0.005856527,0.004409678,0.027609946,-0.006852961,-0.012164443
2/27/1998,-0.025042139,0.030260591,0.031171095,0.013995502,0.014338164
3/31/1998,-0.015390883,-0.014041729,-0.020127541,0.017029214,-0.028889866
4/30/1998,0.002616944,0.028324781,-0.010231521,-0.024933524,0.020165671
5/29/1998,-0.001321517,-0.014802936,-0.022477786,-0.011062517,-0.028132377
6/30/1998,-0.008555769,0.001802383,-0.024619828,-0.001774858,0.021413929
7/31/1998,0.029725488,0.008761679,0.037312924,0.024927465,0.01515464
8/31/1998,-0.019841041,0.005255463,0.00272309,-0.032113255,-0.012497433
9/30/1998,-0.035103539,-0.066685777,-0.027193287,0.021579114,-0.043114038
10/30/1998,-0.018725675,0.009915894,0.016284364,0.016202762,0.013391674
11/30/1998,0.05252716,0.051654185,0.051899784,0.08240429,0.058993369
12/31/1998,0.042734475,0.006806406,-0.002534078,-0.014521016,0.028306177
1/29/1999,-0.062079838,-0.003258097,-0.014746805,-0.002119929,-0.039131385
2/26/1999,-0.002196594,0.026978079,0.015630341,-0.027615141,0.014310387
3/31/1999,-0.0102152,-0.076952556,-0.026787156,-0.005565108,-0.00304659
4/30/1999,-0.049287381,-0.015902723,0.02252602,-0.007090232,-0.010353538
5/31/1999,0.066879362,-0.002499353,0.001061274,0.021174233,0.033763644
6/30/1999,-0.013728261,-0.012511454,0.008236979,0.000445792,0.088100624
7/30/1999,0.0173928,0.006967595,0.015329196,-0.011585508,-0.019126516
8/31/1999,0.018076515,0.005832979,-0.012212442,0.001464077,0.036593147
9/30/1999,0.034203283,0.012658007,-0.007602711,-0.027875998,0.018301148
10/29/1999,-0.004220272,-0.001943519,0.005323604,-0.00179849,-0.014267385
11/30/1999,0.02685369,0.040422504,0.009600387,0.023276094,0.043177848
12/31/1999,0.016300146,0.035159936,0.025124104,-0.000794716,-0.006143634
1/31/2000,0.036486427,0.051808943,-0.014651166,0.01507436,-0.004761646
2/29/2000,0.067919535,0.090104473,0.009204422,0.042049585,0.006332043
3/31/2000,-0.042646823,-0.036679099,-0.012747013,0.033135866,0.01941339
4/28/2000,0.028768007,0.033958569,0.011951431,0.02232352,0.020222187
5/31/2000,-0.003638929,0.031803566,0.001360061,0.055094018,-0.016132508
6/30/2000,0.089755111,0.071851437,0.017162552,0.014410872,0.057856498
7/31/2000,-0.003612558,0.008480941,0.013990172,0.007718,-0.0058956
8/31/2000,0.020768989,0.042713382,0.000943237,0.023894242,0.075781009
9/29/2000,-0.00188116,-0.013740588,-0.008454844,-0.00176134,-0.024087301
10/31/2000,0.025446712,0.033073158,0.000182794,0.010746625,0.029475568
11/30/2000,0.021525639,0.056593758,0.001145686,0.009152037,0.03010859
12/29/2000,0.025052502,0.040471868,-0.021700533,-0.005759613,-0.023180586
1/31/2001,-0.059025655,-0.053944108,-0.00772765,-0.019978226,0.009574633
2/28/2001,-0.018342805,-0.011033817,-0.044642789,-0.013982467,0.00666115
3/30/2001,-0.028145591,-0.001720951,-0.02776108,-0.01682966,-0.006233718
4/30/2001,0.017366162,-0.003350306,0.040920627,-0.00604416,0.015210974
5/31/2001,0.026478629,0.005225919,0.032241245,-0.02025141,0.041231113
6/29/2001,-0.025493497,-0.016437426,-0.024856954,-0.015866046,0.016999314
7/31/2001,0.011481007,0.013070024,0.015197742,0.00544462,-0.001894485
8/31/2001,0.022017631,0.034554481,0.00481073,-0.001281177,0.072779616
9/28/2001,0.014543118,0.03164692,0.026716267,-0.047910887,0.073783273
10/31/2001,-0.023384748,0.01932874,0.027977386,-0.054953603,-0.047837043
11/30/2001,0.052437234,0.032665902,-0.029573501,-0.043208285,0.127680036
12/31/2001,-0.006119072,-0.012981743,0.025315438,0.034985589,-0.007366522
1/31/2002,-0.016572166,0.043874753,-0.001179433,-0.012091963,0.013471245
2/28/2002,0.014200835,0.022881732,0.041910025,-0.006319098,0.003672867
3/29/2002,-0.013356921,-0.079414164,-0.013615005,0.006469455,-0.009464728
4/30/2002,0.030235306,-0.021217934,0.002065824,-0.008189756,0.001557117
5/31/2002,0.076445673,0.057784097,0.062012734,-0.021115864,0.082545163
6/28/2002,0.026533851,0.015575541,-0.019375522,0.016368606,0.002609556
7/31/2002,0.043363971,0.006610328,-0.025428314,0.000963304,0.024684046
8/30/2002,-0.08323125,0.037948286,0.007718419,-0.074683984,0.073595612
9/30/2002,-0.041201921,-0.017915679,-0.020601299,0.029935499,-0.061503106
10/31/2002,-0.001936903,-0.027665981,-0.005178013,-0.00304158,0.031840265
11/29/2002,-0.02243087,-0.015773532,-0.011112483,0.011212695,-0.021333883
12/31/2002,0.055917025,0.039457763,0.010240449,0.012282016,-0.002407553
1/31/2003,1.80E-05,0.014230218,-0.016852357,0.007267939,0.024455386
2/28/2003,0.076044386,0.081695164,0.003016168,0.018084623,0.007688488
3/31/2003,-0.066528172,-0.027380166,0.015880028,0.006669791,-0.055178785
4/30/2003,-0.063785451,-0.006559845,-0.003636398,-0.017629901,0.001245071
5/30/2003,0.010862776,-0.022396803,-0.001756884,0.024295264,0.012209525
6/30/2003,-0.006149592,-0.040891317,-0.01594624,0.003849397,-0.01468922
7/31/2003,0.002701517,-0.015406818,0.040618561,0.02806906,-0.025916218
8/29/2003,0.035709823,-0.034971616,-0.040504883,0.010113429,0.004007337
9/30/2003,-0.008676496,-0.010031025,0.026474239,0.007792614,-0.029959329
10/31/2003,0.008949534,0.043104018,0.031159735,-0.01469157,-0.016537051
11/28/2003,0.02641733,0.020073179,0.007811802,-0.004188643,0.010458761
12/31/2003,0.161330334,0.053837946,0.042418642,0.033607723,0.109676102
1/30/2004,-3.12E-05,-0.014458849,-0.001049761,0.019478353,0.00398599
2/27/2004,0.025294881,0.040622194,0.004803054,-0.015575302,0.007613481
3/31/2004,0.004013067,0.00737269,0.014696741,-0.006249402,-0.015082284
4/30/2004,0.032448236,-0.000593523,-0.056616112,0.031209318,-0.016721049
5/31/2004,-0.017662966,-0.030858708,-0.035857198,0.027856193,-0.004767261
6/30/2004,0.042200778,-0.012017482,-0.023644505,0.039041678,-0.030353431
7/30/2004,-0.068290131,-0.026492274,0.008758822,0.0014026,-0.045146558
8/31/2004,-0.032573099,-0.052476852,0.032786535,0.00465263,0.035466313
9/30/2004,-0.053973798,0.021665053,-0.023220075,-0.018964946,-0.035512084
10/29/2004,-0.015711035,0.012811579,-0.013578279,0.005512105,0.000606722
11/30/2004,0.069695933,-0.010657926,0.022518824,-0.008871708,0.035816858
12/31/2004,0.0291017,-0.024657361,-8.34E-06,-0.000479218,0.043889555
1/31/2005,0.023068623,0.027740999,0.000549552,-0.004419217,-0.017178197
2/28/2005,0.00544123,-0.054886261,-0.029654414,0.004208652,0.007802402
3/31/2005,-0.01518187,0.012809433,-0.003616739,-0.016940722,-0.012526172
4/29/2005,-0.025454559,-0.014986657,-0.015815185,-0.01007695,0.025551036
5/31/2005,0.003645414,0.004745888,-0.003735478,-0.002903077,-0.006993894
6/30/2005,-0.046027646,0.015964249,-0.006487004,-0.01215779,-0.008282974
7/29/2005,0.031554701,-0.051907487,-0.002052074,0.016834504,-0.024682887
8/31/2005,0.150993014,0.05941686,-0.025998311,0.042183901,-0.100426592
9/30/2005,0.015006242,-0.015465944,0.019547521,-0.009555354,0.006223081
10/31/2005,-0.002019251,-0.045942878,0.043510343,0.021098419,0.020215728
11/30/2005,0.034278527,0.008600717,0.045720676,0.020138762,0.026516055
12/30/2005,0.040687315,-0.042973415,0.015445971,0.043969099,-0.056491327
1/31/2006,0.019930368,0.00038981,0.055496738,0.040167615,-0.042580896
2/28/2006,-0.001617518,-0.04215797,-0.014958778,0.005838822,0.041881651
3/31/2006,-0.019591837,0.047103757,0.040270547,-0.008831208,-0.020812807
4/28/2006,0.019021108,0.051831857,0.029844814,-0.011457336,0.034867689
5/31/2006,0.020427445,0.004104096,-0.01362911,-0.012484282,0.01355985
6/30/2006,0.061702839,-0.009417669,-0.025482268,0.006933233,0.036161801
7/31/2006,-0.036838167,-0.023285441,0.003371418,-0.043072395,-0.009095754
8/31/2006,-0.089103827,0.068867309,0.020181341,0.056521079,0.06299347
9/29/2006,0.063753652,0.103486654,0.001093954,-0.032407947,0.100057708
10/31/2006,-0.014103443,0.00431338,-0.002860637,-0.027504196,0.006531809
11/30/2006,-0.005439147,-0.016916553,0.019474019,0.003614132,-0.001428658
12/29/2006,0.017727954,0.081754075,0.009832372,-0.014891332,0.068733971
1/31/2007,-0.045766195,-0.04034758,0.00592665,-0.020259843,-0.030493329
2/28/2007,-0.009625678,0.01332273,-0.003583401,-0.005324576,0.015943618
3/30/2007,0.013975277,-0.018760891,-0.005954383,0.008885095,0.011318105
4/30/2007,0.019049551,-0.010245594,-0.00315984,0.007124485,0.010663104
5/31/2007,-0.031038143,-0.004946662,-0.012526386,-0.000950125,0.019117056
6/29/2007,0.032111933,0.010074545,-0.023214211,0.023006827,0.0076296
7/31/2007,-0.00061527,0.010321199,-0.004182459,-0.006469206,0.001896145
8/31/2007,-0.021269618,0.058087425,-0.009605906,-0.008425411,0.006856795
9/28/2007,0.016471871,0.039012113,0.028206994,0.015187616,0.045988241
10/31/2007,0.03627222,0.006450577,0.032029817,0.042634071,0.082323623
11/30/2007,0.005420731,0.018697488,0.004352979,-0.017360736,-0.006041413
12/31/2007,0.023874604,0.02430887,0.033004822,0.009535617,0.016576209
1/31/2008,0.043200432,0.002822167,0.044711829,0.020641169,-0.013242872
2/29/2008,0.078175143,0.070232986,0.065478195,0.042240417,0.04187937
3/31/2008,0.004989713,-0.02521859,-0.039372931,0.055095463,0.019188325
4/30/2008,0.005506912,-0.010929494,-0.017879597,0.019901269,0.01231441
5/30/2008,0.024301447,0.007105365,-0.008600695,0.005863944,0.017209616
6/30/2008,-0.020136164,0.040805329,0.0112476,0.024348686,0.026161551
7/31/2008,-0.014551315,-0.074246207,-0.01564249,0.004122402,-0.077806804
8/29/2008,-0.035875184,-0.017248969,-0.041401854,0.023809817,-0.017829433
9/30/2008,-0.022122128,0.003590587,-0.052615452,0.028027397,0.003242384
10/31/2008,-0.02741288,-0.058198737,0.001815862,0.032457278,-0.035261546
11/28/2008,-0.008183345,-0.004738059,0.03639861,-0.048301781,-0.010814338
12/31/2008,0.056387748,0.064965973,0.066321057,-0.065538032,0.024584772
1/30/2009,0.028990951,-0.021455524,0.06518754,-0.011127477,0.018850677
2/27/2009,-0.007224633,-0.00314687,0.026716801,0.012049605,-0.005916213
3/31/2009,0.010974929,-0.009696432,0.006524565,0.017060234,0.011043943
4/30/2009,0.057244436,0.007999587,-0.00116685,0.000930807,-0.020474431
5/29/2009,0.014351335,-0.035315139,0.026568145,0.027984481,-0.064257954
6/30/2009,0.05627989,-0.000132861,0.00992527,0.027683203,-0.018886116
7/31/2009,0.031899088,0.039409584,0.02794665,0.016696234,0.018920406
8/31/2009,0.025632014,0.079338244,0.066062689,0.059588407,0.036858769
9/30/2009,-0.067371188,-0.020448039,0.006491298,-0.009081513,-0.027068244
10/30/2009,0.016685857,-0.010438978,0.005955639,0.024006692,0.015808352
11/30/2009,0.009254886,0.037834097,0.035727587,0.025995099,0.0157987
12/31/2009,-0.011689152,-0.004268738,-0.002360021,-0.031302015,-0.000147857
1/29/2010,-0.01502908,0.012730808,0.027472716,-0.001286533,-0.031063668
2/26/2010,-0.049116118,0.00571411,-0.002806871,0.017164216,0.022657915
3/31/2010,-0.029693685,0.038753426,0.039832556,-0.014872899,0.039535239
4/30/2010,-0.008461408,0.008240598,0.018907952,-0.015303451,0.019058452
5/31/2010,0.006776081,-0.051554085,-0.021320893,0.032598871,0.017705123
6/30/2010,-0.035767125,-0.029803119,-0.018349176,-0.007623115,0.011767824
7/30/2010,0.031660682,-0.024828618,-0.036630743,-0.003648692,0.028028258
8/31/2010,-0.02051148,0.012841829,0.030806779,-0.010250941,-0.01623424
9/30/2010,0.007466235,0.008076191,0.035768018,0.011418523,-0.00307662
10/29/2010,0.006702142,0.030366074,0.026821602,0.002687524,-0.008790773
11/30/2010,0.020974747,0.018838893,0.016902604,0.02036284,0.019894483
12/31/2010,0.009742226,0.021468587,0.002030583,-0.031206307,0.017278139
1/31/2011,0.007953461,-0.000960285,-0.019285967,-0.011594729,-4.26E-05
2/28/2011,0.016593933,0.043296775,0.024407051,0.001521711,0.004040242
3/31/2011,-0.019169475,-0.010706837,-0.009094657,0.022684582,-0.007253046
4/29/2011,0.023651299,0.006140427,0.023302488,0.034235704,0.010575131
5/31/2011,-0.005135615,-0.007477395,0.002562042,-0.025328577,0.042350761
6/30/2011,0.030596008,-0.012499887,-0.003376645,0.032518875,0.050614175
7/29/2011,-0.049857305,-0.005876535,0.035167722,-0.008888508,-0.027008586
8/31/2011,-0.065631241,-0.012432739,0.009045496,0.014657017,-0.036809832
9/30/2011,0.06522294,-0.020127963,-0.05195407,-0.004104665,0.061114632
10/31/2011,0.009261446,-0.004349678,0.031031763,0.026433379,-0.006161054
11/30/2011,0.040022315,0.02248009,0.011490157,0.006344542,0.012874363
12/30/2011,-0.003704264,-0.027245624,-0.007311916,0.006785046,-0.009088561
1/31/2012,-0.003919812,0.060234148,0.060277322,0.023821582,0.050626001
2/29/2012,-0.002215332,-0.005504765,-0.002795966,0.011826914,-0.003493396
3/30/2012,0.018030787,0.021417556,0.011414514,0.033794513,0.00775842
4/30/2012,-0.013212543,-0.0256602,-0.022091624,0.031412066,-0.041556286
5/31/2012,-0.033640582,-0.026160609,-0.043215027,-0.010433814,-0.031393613
6/29/2012,0.010555387,-0.014039363,-0.017391777,0.013705712,-0.005964988
7/31/2012,0.044111233,0.029792213,-0.025427811,0.039008957,-0.00017386
8/31/2012,-0.023741574,0.015864486,0.046920478,0.019612463,0.021203377
9/28/2012,-0.002456322,-0.035622627,0.007078215,-0.011708193,-0.027313378
10/31/2012,-0.020095206,-0.001389757,-0.014645432,0.006972561,-0.009217047
11/30/2012,0.008401253,-0.016446864,0.02002644,0.000389058,0.022293243
12/31/2012,0.015063303,-0.005963437,-0.004000076,0.026770037,0.011645395
1/31/2013,-0.018271149,-0.005674058,0.019293399,-0.003987012,-0.006962797
2/28/2013,-0.009239855,0.006469151,0.00429061,-0.00235333,-0.006608564
3/29/2013,-0.001618534,0.007744163,0.000230514,0.02465642,0.002705324
4/30/2013,-0.005273888,0.001004128,-0.021666226,-0.013061806,0.0049123
5/31/2013,0.021131562,0.011351406,0.011904331,-0.02013801,0.027854516
6/28/2013,0.053109687,0.008997866,-0.023288844,-0.021447411,0.009633298
7/31/2013,-0.040957165,0.029322889,0.03312702,0.019047256,0.026252893
8/30/2013,0.033697853,-0.008233998,0.022773548,-0.015928192,0.02014796
9/30/2013,-0.023307967,-0.004522012,-0.018062393,0.033460299,-0.029692128
10/31/2013,0.011458462,0.003105872,0.003532227,-0.006962751,0.024257799
11/29/2013,0.022324675,0.030037299,-0.004402935,-0.00338339,0.022511912
12/31/2013,0.007653611,0.007575033,0.00026004,0.01297221,-0.015022427
1/31/2014,0.140195835,0.032594181,-0.018500858,0.036633564,-0.012456604
2/28/2014,0.073652455,0.026384129,-0.010587464,-0.068468689,0.067957055
3/31/2014,-0.037803845,-0.011322096,0.000159941,0.015015093,-0.034726051
4/30/2014,0.002747304,0.011772726,-0.006483569,-0.015331847,0.014440138
5/30/2014,0.012686836,0.02257115,0.024312248,0.017704421,0.028580042
6/30/2014,-0.030553474,-0.005012849,-0.000279032,-0.017296339,-0.005306211
7/31/2014,-0.061998702,-0.025850668,0.025250258,0.002150672,-0.061302739
8/29/2014,0.015239569,0.016220105,0.002947561,0.01360446,0.021808147
9/30/2014,-0.013946757,0.020899871,-0.01528512,-0.031269883,-0.000638362
10/31/2014,-0.035210301,-0.017107487,-0.023571199,0.0153099,0.024046124
11/28/2014,-0.006935795,-0.002784811,-0.006488256,-0.01459873,-0.016320453
12/31/2014,0.128126005,-0.026805791,0.024503605,0.004129111,-0.073610271
1/30/2015,0.010871786,-0.002779671,0.02130863,-0.014445252,-0.017462707
2/27/2015,0.037486655,-0.041641467,-0.008154673,0.055227427,0.000980366
3/31/2015,0.004857708,0.019840374,-0.018470675,0.004387101,-0.004518042
4/30/2015,-0.032065773,-0.034682971,0.023764238,-0.00437593,-0.011484297
5/29/2015,0.017648231,0.023274623,0.006975961,-0.014853669,0.016642255
6/30/2015,0.1000496,0.025412889,-0.043239264,-0.051937193,0.08362548
7/31/2015,-0.004321601,0.009381481,-0.014124488,0.019337935,0.002421495
8/31/2015,0.0206325,-0.016226962,0.004358236,-0.002307719,-0.009498629
9/30/2015,-0.021612156,0.008775097,-0.01182522,-0.014111644,0.018071864
10/30/2015,-0.007765008,0.015398101,0.030072971,-0.013157974,0.022319631
11/30/2015,0.037618497,0.026566616,-0.028605731,-0.02265667,0.030598758
12/31/2015,-0.019447371,-0.015196981,-0.002719397,0.05229333,-0.004770675
1/29/2016,-0.020164977,0.016542541,-0.010861467,-0.019810558,0.019633218
2/29/2016,0.012881018,0.050086694,0.041349032,0.015902751,0.064188515
3/31/2016,-0.003134307,-0.012559949,-0.000643204,0.001321111,-0.008897603
4/29/2016,-0.018521417,-0.035775755,0.037775198,-0.021511692,-0.008152439
5/31/2016,0.028039954,0.024140302,-0.024210254,-0.050633757,0.022848182
6/30/2016,0.016806511,0.021387578,0.006315881,0.025221292,-0.011627596
7/29/2016,0.010212057,0.027760994,0.039652349,0.001382945,0.017239049
8/31/2016,0.030006743,-0.00934324,0.000755572,0.001188935,0.000867973
9/30/2016,-0.049594126,0.017975375,0.012096922,-0.023033349,-0.02727336
10/31/2016,0.004134514,-0.030868491,-0.034156168,-0.005379233,-0.001773382
11/30/2016,0.047711095,0.025615009,-0.019248079,0.020983913,0.055804699
12/30/2016,-0.036453647,-0.023333812,-0.030836491,0.045765556,0.005273465
1/31/2017,-0.067888049,0.018476264,0.027242843,-0.04527365,0.059297406
2/28/2017,0.007716698,0.008263654,0.018815317,-0.022526741,0.033097094
3/31/2017,-0.007789432,-0.035164677,-0.019970381,-0.018113,-0.015579582
4/28/2017,0.045808718,0.036051733,0.00724543,0.016487763,0.027768226
5/31/2017,0.022890105,-0.012407381,-0.029655461,-0.003791847,0.063481937
6/30/2017,-0.024628308,0.02785048,-0.022785618,0.021700684,0.045704501
7/31/2017,-0.013883767,0.001339438,0.017946524,-0.001230116,0.019232858
8/31/2017,0.008086022,-0.015675531,0.028331391,-0.01701227,-0.01423687
9/29/2017,-0.028810473,-0.016953028,-0.007316636,0.011569591,-0.023168659
10/31/2017,0.006609996,0.037707809,0.022497613,0.002351763,0.056612227
11/30/2017,-0.01086239,-0.026588238,0.001053691,-0.014527139,-0.039429823
12/29/2017,-0.09093741,-0.03022915,0.025484325,-0.020429839,-0.089037977
1/31/2018,-0.006257514,0.005161091,0.003025721,0.017904261,-0.006938668
2/28/2018,-0.103435883,-0.016075971,-0.00507408,0.0396627,-0.036996083
3/30/2018,0.027585151,0.01126006,-0.019706124,-0.005791115,0.04412465
4/30/2018,0.033650276,0.027776949,-0.006963909,-0.006893395,0.032021783
5/31/2018,-0.002371819,-0.011209006,0.00948342,-0.000999517,0.003238422
6/29/2018,-0.021767912,0.010924935,0.013291588,0.002642494,0.015183101
7/31/2018,-0.014113976,-0.006875706,-0.009649798,0.006189647,0.017222261
8/31/2018,0.010880182,0.01824252,0.012979458,-0.014152438,0.028350532
9/28/2018,-0.018820807,-0.013511258,-0.001839577,-0.00596804,-0.003392392
10/31/2018,-0.042368525,-0.045837773,-0.032014836,0.000930724,-0.01811622
11/30/2018,-0.049287768,0.010641064,-0.014599011,-0.045248133,0.043318802
12/31/2018,0.119453848,-0.081978757,0.028258126,0.084705522,0.037680105
1/31/2019,0.100567312,-0.024604334,0.032788947,-0.019129243,0.079535595
2/28/2019,0.039851726,0.031592868,0.033913475,0.010923895,0.026747365
3/29/2019,-0.120789111,-0.027152766,-0.018664959,-0.0111227,0.020975358
4/30/2019,0.024496841,0.03961471,0.047489315,0.017885425,0.04260218
5/31/2019,-0.017480836,-0.033931084,-0.029300404,0.010726726,0.011882607
6/28/2019,0.034549021,0.001281531,0.00963128,-0.020302067,0.070437116
7/31/2019,0.004015751,-0.001366388,0.006654469,0.008385072,-0.007045048
8/30/2019,-0.012496961,0.015596832,0.017676552,0.001952362,-0.016775968
9/30/2019,-0.000367157,-0.019552287,-0.005178806,-0.000373979,-0.021569898
10/31/2019,0.023223753,0.017301592,0.020316581,0.013385379,0.008586732
11/29/2019,0.061918256,0.058989273,0.001368229,-0.008186766,0.079614558
12/31/2019,-0.011510824,0.019173854,0.002331686,-0.012571571,0.007012205
1/31/2020,0.031965634,0.029394042,0.04497083,0.003865122,-0.00880989
2/28/2020,-0.030447737,0.012288028,-0.015642957,-0.016149571,0.00296847
3/31/2020,0.13422737,0.058087961,-0.064521488,-0.018829254,0.075106276
4/30/2020,0.004413477,-0.010492181,0.026268622,-0.003572352,-0.049360217
5/29/2020,-0.046035728,-0.079936331,0.045552643,0.068243477,-0.075951313
6/30/2020,-0.076895648,-0.036909517,-0.013001887,0.065151983,-0.084048833
7/31/2020,-0.043245294,0.022089204,0.033513866,0.025009326,-0.028951675
8/31/2020,0.064001237,0.000813957,0.005357722,0.023492165,-0.046827505
9/30/2020,-0.064516042,-0.053647055,-0.025751967,0.022982167,0.047688877
10/30/2020,-0.067175352,0.002571359,-0.036814469,-0.028325553,0.002364046
11/30/2020,0.012853109,-0.052400388,0.00907467,0.053496537,-0.016823648
12/31/2020,0.010213105,0.032937158,0.031881886,0.035302292,-0.00801952
1/29/2021,0.073115496,0.011870492,-0.00406341,0.032089856,0.005553834
2/26/2021,0.027164117,-0.008086727,-0.011322012,0.049010429,0.007097916
3/31/2021,0.031859714,0.036549573,0.008877473,-0.011498018,0.054860581
4/30/2021,0.16000606,0.0848468,-0.007741397,0.057087865,0.09001991
5/31/2021,-0.008253299,-0.008977074,-0.00626582,-0.003551327,0.010769517
6/30/2021,-0.093819017,-0.130051326,-0.044668987,-0.043534678,-0.139181273
7/30/2021,-0.032752367,-0.021899029,-0.003498583,-0.025544558,-0.03890022
8/31/2021,0.002388362,-0.009641448,-0.01024947,-0.021145774,-0.00647692
9/30/2021,-0.010236501,0.040728243,-0.023820602,0.020642173,-0.040950516
10/29/2021,0.019235327,0.022096362,0.036419034,-0.013756892,0.001566605
11/30/2021,-0.078761715,-0.036547151,0.003829271,0.048400125,-0.062208045
12/31/2021,0.010825753,-0.037015013,0.013831636,0.04030822,-0.064321425
